text,sent
"

Я обратился в компанию Flex Systems для установки камер в своем офисе. Сотрудники были очень внимательны и помогли выбрать оптимальные места для установки камер. Результат превзошел все мои ожидания, я чувствую себя уверенно и защищено благодаря их профессионализму. Спасибо за отличную работу!					 
				
",1
"

Настройка контекстной рекламыКлючевые направления:- разработка продающий сайтов- контекстная реклама Yandex Direct и Google Ads- SEO продвижениеПолучайте от 5 до 86 заявок из контекстной рекламы ежедневно по цене от 250 рублей за клиента. Приведем первых клиентов за 7 дней или вернем деньги по официальному договору.					 
				
",1
"

Розыгрыш в Instagram*. Определяйте победителей быстро и удобно!Вставьте ссылку на страницу, выберите варианты условия, дату, узнайте победителей.Без ограничений по выбору условий и количеству участников					 
				
",1
"

Мы не хотим просто сделать сайт, потом вкладываться в рекламу в надежде получить побольше заявок. Основной наш потребитель тусуется в социальных сетях. Поэтому и сотрудничаем с системой. Кроме достаточно качественных рекомендаций по работе в соцсетях, есть и конкретные услуги. Это парсеры для выявления нужных сообществ и даже отдельных пользователей, это возможность заказывать тексты, генерировать объявления.					 
				
",1
"

Знакомый сеошник посоветовал начать продвигать свой сайт с помощью биржи work2crowd, показал основы, как и для чего нужны те или иные ссылки и без труда за 50 000 рублей получилось поднять ДР до 23, может просто повезло, но результат впечатляет, за такие небольшие деньги так сильно повысить ценность проекта.					 
				
",1
"

Пользуюсь данным сервисом уже больше 5 месяцев, вот решил наконец оставить отзыв по моему мнению очень удобный обменник. Всегда без проблем вывожу свои средства. Деньги поступают на карту очень  быстро. Спасибо, за отличный сервис и поддержку, буду пользоваться дальше вашим обменником и советовать знакомым.					 
				
",1
"

Мы работаем в сфере образования и нуждались в надежном подключении к интернету для проведения онлайн-занятий. Компания GTNT предложила нам оптимальное решение для наших потребностей - беспроводную связь с возможностью организации каналов L2, L3 VPN. Это позволило нам обеспечить безопасность и конфиденциальность наших данных. Компания также порадовала нас своей технической поддержкой 24/7, которая всегда была готова помочь нам в случае возникновения проблем.					 
				
",1
"

Решил обратиться в компанию Flex Systems для организации обслуживания техники на аутсорс. Разговор с сотрудниками был очень информативный и полезный. Они предложили мне отличный тариф и я больше не беспокоюсь, что что-то может пойти не так. Очень доволен качеством обслуживания и вниманием к деталям.					 
				
",1
"

Наша организация занимается производством и продажей мебели. Нужна была беспроводная связь для нашего склада под Псковом, где нет проводного интернета. Мы обратились к Джи ти эн ти и получили отличное предложение. Они подключили нас к сети интернет уже на следующий день после заявки, а также предоставили нам оборудование в составе услуги. Мы смогли протестировать скорость бесплатно в течение 1 недели. Связь работает без сбоев и позволяет нам отслеживать наличие и перемещение товаров в режиме онлайн. Очень довольны услугами этой компании, заключили договор.					 
				
",1
"

Работаю руководителем предприятия по производству сельскохозяйственной техники, столкнулся с трудностями автоматизации рабочего процесса. По рекомендации обратился за помощью в компанию ИРИС. Их услуга рекомендательных систем как раз и помогла повысить эффективность всего предприятия и разобраться со всеми авралами. Изначально собрали все необходимые данные, дальше обучили на их основе нейросеть, а в конце разрабатывали все рекомендации. Сейчас все потихоньку применяю на практике, некоторые задачи объединили в один цикл, правильно распределили время на выполнение всех функций. И уже есть успехи – за первый месяц производительность труда и объем выпуска продукции увеличились примерно на четверть					 
				
",1
"

Изначально я использовал сайт платфурму коинмаркеткап..в итоге постепенно их админы начали опубликовывать скам и спам рекламу различных проектов,что очень не приятно.и я решил перейти к их прямому конкуренту Коингеко,данный сайт подйдёт для начинающик не больше,так как функционал желает оставлять лучшего конечно,и я после перешел уже на КоинмаркетРейт,там меня все устраивает					 
				
",1
"

Сложно переоценить важность ссылок для SEO. Могу смело порекомендовать биржу work2crowd, ссылки высокого качества за свою цену.Из минусов стоит отметить что нет индивидуального менеджера, но имеется неплохая система обучения которая позволит новичкам быстро разобраться с основами					 
				
",1
"

Работаем уже третий год с компанией GTNT и очень довольны обслуживанием. В первую очередь стоит отметить оперативность и профессионализм команды, а также широкую сеть местных монтажных бригад, которые всегда готовы быстро решить любые проблемы с подключением. Помимо этого, мы заказывали у Джи Ти Эн Ти несколько проектов ""под ключ"", и в каждом случае остались довольны каналом связи.					 
				
",1
"

ООО ""Радуга-С"" благодарит интернет-провайдера джи ти эн ти за стабильность и скорость, которые они обеспечивают. Беспроводной интернет gtnt является хорошим решением для организаций. В последнее время заметили небольшие флуктуации в скорости, но технический отдел оперативно восстановил стабильность. Хоть общий опыт немного неоднозначен, наши деловые потребности в большей степени удовлетворены.					 
				
",1
"

Привет! Это LIFE PAY. Мы здесь для того, чтобы вы на реальных отзывах убедились в нашей экспертности. Добро пожаловать на наш профиль и будем рады любым отзывам					 
				
",1
"

Обычно я не пишу отзывы на разные сервисы, но этот обменник спасение для меня. Пропускают даже платежи 3м лицам. Кайф!Если Вам нужно перевести средства, родственникам, работникам, родителям но держите деньги в крипте, то этот обменный пункт для вас!					 
				
",1
"

Если вы ищете профессиональный ремонт компьютеров рядом с метро Бабушкинская в СВАО Москвы, то вы попали в нужное место. Наша компания предоставляет качественные и быстрые услуги по ремонту компьютеров любой сложности. Мы уже более 15 лет работаем в этой области и за это время накопили огромный опыт. Мы работаем быстро, точно и качественно – это три главных принципа нашей работы. Наша команда состоит только из профессиональных специалистов с опытом работы более 10 лет. Мы знаем все о ремонте компьютеров и готовы помочь вам в любой момент.					 
				
",1
"

Пользовался сервисом evexchange.net несколько раз, могу сказать о нем что обменник привлекает своим дизайном все продуманно до мелочей, есть реферальная программа, отличная поддержка, особенно хотел бы отметить оператора Яночку, помогла решить проблему в кратчайшие сроки, допустил случайно ошыбку при обмене, все обяснили пошли на встречу и решили вопрос, но к сожалению минуса тоде присутствуют, из главных хотел бы отметить что сервис работает только в сторону продажи криптовалюты что не очень удобно, но они стараються компенсировать это курсом выше чем у конкурентов что тоже неплохо но все же, также есть минус в ввиде небольших резервов на очень большое количество монет, скорость обмена немного ниже чем у конкурентов, в общем и целом обменник не плохой.					 
				
",1
"

Не скажу что биржа сильно активная, но брал несколько хороших заказов, как и везде клиенты разные, но поддержка самой work2crowd на высоком уровне, остатки бюджета легко вывели когда, достигли поставленных целей.					 
				
",1
"

Моему сайту уже несколько лет, но для специалистов по аудиту от промопульта он числится в молодых. Мне конечно все равно, главное выявить проблемы продвижения, получить рекомендации по исправлению критических ошибок и сделать сайт удобным для пользователя. Отработали неплохо, после исправлений и переделок, раскрутка сайта пошла по нарастающей. Сейчас совместно работаем над внешней оптимизацией ресурса.					 
				
",1
"

самый удобный сервис из всех, что мне попадалсяне нужно никаких танцев с бубнами, есть простой личный кабинет с подробнейшей инструкцией и обратная связь круглосуточнаязапустился за полдня и первые лиды уже получил на неделе, самый легкий старт в жизни с подобными партнерками, очень быстрая модерация)					 
				
",1
"

Мой магазин автозапчастей, наконец-то, стал популярным после того, как его продвижением занялись специалисты из этой компании. Времени на это ушло немного. Заказов у меня сейчас много. Благодарю за помощь.					 
				
",1
"

Компания Видео Стор известна в России и странах СНГ как ведущий поставщик на рынке систем безопасности и надежный партнер в вопросах обеспечения видеонаблюдения любого уровня сложности. Мы работаем с частными лицами, корпоративными клиентами и государственными организациями, предлагая заказчикам готовые решения и индивидуальные проекты под любые потребности.					 
				
",1
"

Занимаемся производством межкомнатных дверей, в последнее время у нас наблюдался рост непродуктивных издержек. Узнал от знакомого-предпринимате ля о компании ИРИС и их рекомендательной системе, которая как раз могла помочь мне оптимизировать бизнес. Честно, поначалу были кое-какие сомнения, ведь их фирма не так давно появилась на рынке. НО. Доверился. В своей работе ребята из ИРИС используют видеоаналитику и сверточные сети, после вырабатывают свои рекомендации. Этот процесс не быстрый, требуется несколько месяцев. Сейчас уже скоро получим результаты и будем проводить ряд изменений, чтобы производство не ушло в минус					 
				
",1
"

Очень толковые специалисты. Создали нам хороший, удобный и легко узнаваемый сайт-одностраничник, который отлично функционирует. Цена совершенно адекватная. Мои рекомендации.					 
				
",1
"

Удобная биржа с большой базой достаточно качественных ссылок, подавляющее количество которых попадает в индекс поисковиков. За небольшой бюджет можно получить хороший результат, рекомендую.					 
				
",1
"

Гадкий отзыв и абсолютная противоположность моему сотрудничеству, Антон Кочелаевский очень порядочный человек и высококлассный специалист, парень грамотный и очень вежливый, дама видимо не понимает суть сео и что за 2 месяца работ, увидеть глобальные перемены просто невозможно, я лично хочу выразить огромную благодарность данной компании, сотрудничаем с ними уже 3 года, и довольны абсолютно всем, команда слажена и всегда даёт обратную связь, подготавливают отчеты по проделанной работе, ни как многие фирмы, плавали знаем, кидают в конце месяца на 1 листочке с какими то непонятными таблицами, а тут всё по полачкам расставляют, полностью расписывают весь фронт работы по 10-20 страниц, и сразу становится всё видно и ясно. продолжайте в том же духе, успехов Вам					 
				
",1
"

Отличная компания, которая отлично разбирается в SEO продвижении сайта. Благодаря им целевая аудитория просто нахлынула к нам в гости, соответственно вместе с этим и продажи выросли.					 
				
",1
"

Изначально я использовал сайт платфурму коинмаркеткап..в итоге постепенно их админы начали опубликовывать скам и спам рекламу различных проектов,что очень не приятно.и я решил перейти к их прямому конкуренту Коингеко,данный сайт подйдёт для начинающик не больше,так как функционал желает оставлять лучшего конечно,и я после перешел уже на КоинмаркетРейт,там меня все устраивает					 
				
",1
"

Рады, что доверили создание сайта нашего небольшого магазина именно вам. Продумали и реализовали все наилучшем и удобным образом. Плюс дизайн продуман и сделан приятным для глаз!					 
				
",1
"

Хорошо, что обратился в эту компанию по разработке сайта для нашей фирмы. Данную задачу они выполнили в оговорённый срок, всё сделали так, как мы собственно и представляли. Большое им спасибо.					 
				
",1
"

Остались очень довольны их работой. Они в оговоренные сроки сделали нам удобный сайт (интернет-магазина по продаже техники). Выглядит современно и для пользователей очень удобный (многие клиенты хвалят).					 
				
",1
"

Уже как два месяца ИРИС помогают мне оптимизировать весь рабочий процесс на стекольном предприятии. Цель – повысить производительность труда и увеличить выпуск продукции. Сейчас уже все метрики определены, применяется видеоаналитика. Движемся к сбору данных, после будет все анализироваться. Жду уже конечного результата					 
				
",1
"

Работаем на нём пол года. Удобный редактор с широким функционалом, особенно нравится что в облаке нет тормозов когда большое количество пользователей один и тот же файл правит. При том что базы в таблицах у нас достаточно большие.					 
				
",1
"

Пробовал этот сервис, но как основной его еще рано использовать, небольшая выборка сайтов размещения. Сейчас через work2crowd закупаю ссылки в небольшом количестве, только для улучшения ссылочной массы. В целом нормально. Расценки адекватные, исполнение хорошее.					 
				
",1
"

Компания COMDI – российский разработчик и провайдер сервисов для проведения вебинаров и дистанционного обучения через Интернет на основе видеокоммуникаций.COMDI предоставляет возможность пригласить спикеров прочитать лекцию или организовать выступление не зависимо от места их нахождения, обеспечить присутствие сотен сотрудников и агентов компании в дистанционной форме.					 
				
",1
"

Интересный cepвиc, в частности из-зa обновлений которые регулярно вносит в свои инструменты. Что позволяет сервису не опаздывать при изменении правил работы с интернет-рекламой. И eщe - oн oдин c гapaнтиeй на своих услуги. Всегда у меня в списке приоритетных, когда работаю над новыми сайтами.					 
				
",1
"

Хороший качественный программный продукт. Нам поставили на работе коммерческую лицензию. Перешли на него без проблем, т.к. этот редактор очень похож на эксель по интерфейсу и функционалу, но вот работает он на мой взляд пошустрее. Большие файлы открывает быстрее и не тупит при редактировании объемных таблиц.					 
				
",1
"

Хочется сказать огромное спасибо моему персональному менеджеру Екатерине, она всегда приходила на помощь, отвечала на мои вопросы и советовала мне с чего начать и как начать. Ни в одной партнерке еще не встречал такую поддержку					 
				
",1
"

Радует, что появился хороший бесплатный редакторПользуюсь около месяца, пока что довольна. Хочется только, чтобы тёмная тема была. Я использую МойОфис на телефоне и читаю в нём рабочие документы. Чаще всего дело происходит ночью, когда дети уже спят, поэтому тёмная тема как самая большая хотелка. Всё остальное нравится, вообще без претензий.					 
				
",1
"

Пару месяцев назад надо было срочно поправить договор, а с собой только телефон. Стал искать бесплатное приложение, чтобы открыть документ и наткнулся на МойОфис. Оказалось очень удобное приложение. Простое и использовании, быстро открывает файлы, не лагает. Фукнционала достаточно для правки текстовых файлов и таблиц с телефона. Оставил, теперь пользуюсь им постоянно.					 
				
",1
"

Более двух лет работаем с Work2crowd и я более чем доволен результатом. Исполнителей выбирал сам, поэтому получил много живых крауд-ссылок. В итоге результатом полностью доволен результатом.					 
				
",1
"

Ключевые направления:- разработка продающий сайтов- контекстная реклама Yandex Direct и Google Ads- SEO продвижениеВсе наши действия направлены на достижение требуемого результата. Формат коммуникаций, медиапланирования и отчетности подбирается под каждого клиента.Подбирая стратегию продвижения мы всегда ориентируемся на требуемый результат. Список площадок индивидуален для каждого клиента. При составлении медиаплана мы опираемся на целевую стоимость заявки. Консультацию специалиста вы можете получить в режиме онлайн без ожидания.Мы тщательно отбираем и готовим команду, предъявляя самые высокие требования к уровню знаний каждого сотрудника. Команда агентства постоянно проходит обучения и сертификации,сама преподает digital маркетинг, а также постоянно ищет новые инновационные пути повышения эффективности интернет маркетинга.					 
				
",1
"

Мне понравился сервис, дружелюбный интерфейс который освоит даже новичок, качество ссылок заявленное, а цена ниже чем у конкурентов. Можно без труда построить и свою уникальную стратегию.					 
				
",1
"

Сразу несколько способов ведения рекламы в интернете предлагает промопульт. А начали мы не с продвижения, а с исследования - насколько наш сайт готов к работе по привлечению клиента из сети. Аудит показал, что есть проблемы. Команда системы выдала подробный анализ состояния ресурса. Пару месяцев пришлось устранять недостатки. Переписывать тексты, чтобы соответствовать готовности к грамотному продвижению сайта.					 
				
",1
"

Уже около года пользуюсь домашней версией МойОфис и всем рекомендую. Программа бесплатная, работает отлично, комп не грузит, хотя у меня старенький ноут, а документы довольно объемные открываю. Интерфейс аскетичный, ничего лишнего, я люблю такие простые когда не наворочено. Планирую заменить им на ноутбуке всем известный продукт от Windows					 
				
",1
"

Спасибо за объемный и впечатляющий труд. Полностью остался доволен работой work2crowd. Крауд-ссылки хорошего качества, больше половины были распознаны как естественные					 
				
",1
"

Marketdata -это ""бомба""! Удобные графики, понятно использовать, я в восторге. Пробовал разное, но это понравилось больше всего. Прям советую для Вбшников.					 
				
",1
"

Удобство и функционал на высоком уровне. Хотелось бы отметить удобство графиков.  До этого использовали несколько сервисов, а в Marketdata все собрано в одном месте)					 
				
",1
"

Отличный инструмент для анализа продаж на Wildberries помогает выявить топ товаров, понять, что вообще не нужно продавать, а также подскажет что, сколько и куда поставлять					 
				
",1
"

Искал замену стандартному ворду, обратил внимание на приложение МойОфис. Домашняя версия бесплатная, поэтому решил попробовать. Поставил на ноут и на телефон. Удобная штука. Раньше, если мне что-то надо было поправить в рабочих файлах, составлял заметки, а потом уже с компа правил. Теперь редактирую файлы прямо на телефоне. Не надо двойную работу выполнять.					 
				
",1
"

Современное продвижение сайтов практически невозможно без качественных ссылок с других сайтов. Гугл и Яндекс всё также уделяют большое внимание ссылочной массе при ранжировании, особенно поведенческий фактор других пользователей, то есть реальные переходы по ссылкам. И поэтому качественный сервис будет лучшим решением для улучшения это й самой массы хороших ссылок.					 
				
",1
"

В BSO я заказывал крупную партию комплектующих для сервера и был приятно удивлен оперативности работы менеджера, который даже смог пойти навстречу в некоторых вопросах. Комплектующие к серверу подошли как и заверяли в магазине так что претензий нет. Товар доставил курьер на следующий день и заранее с утра позвонил как и договаривались, так что за пунктуальность отдельный плюс					 
				
",1
"

Мы не смогли решиться на самостоятельные действия. Заказали настройку нашего проект через услугу персонального менеджера. Все получилось как-то даже буднично. А вот то, что сайт начал движение на лидерские позиции - несомненно. Планируем обновить сайт. Будем заказывать аудит. Пока все нравиться.					 
				
",1
"

Партнерку посоветовал один товарищ, он уже работает с ней около года. Решила вот тоже попробовать. Стартанула по клинингу в Москве, за неделю выхлоп получился уже 5000 рублей, немного, но это только начало) сейчас буду увеличивать количество трафика					 
				
",1
"

Работа с work2crowd, как по части времени, эффекта, так и по затратам более чем себя оправдала. Управление крауд ссылками простое и понятное, поэтому всё прозрачно, а эффективность на высоте. Рекомендую.					 
				
",1
"

У меня МойОфис установлен на телефоне. Часто использую его для составления списков и задач. Это очень удобно. А главное, что бесплатно и без рекламы.					 
				
",1
"

Несколько проектов веду одновременно. Промопульт позволяет достаточно неплохо экономить время, деньги, нервы в работах по оптимизации ресурсов, по рекламе в интернете. Удобно работать на рекламных площадках из аккаунта платформы. Не надо бегать по разным кабинетам. Нормальная аналитика, позволяющая сравнивать эффективность рекламных каналов и вовремя перераспределять бюджет в сторону более качественно работающих.					 
				
",1
"

Сервис madetask полностью соответствует локальному и международному законодательству. Долго искал подобную платформу и выбрал Мэйдтаск, так как безопасность ее, подтверждена заключением крупнейшей юридической фирмы. Все по закону.					 
				
",1
"

Рада, что обратилась к ним для создания сайта-одностраничника. Сделали мне его быстро и такой, какой я себе представляла. Специалисты там и вправду с большим опытом, мне всё понравилось.					 
				
",1
"

Разработали сайт под интернет-магазин детских игрушек и помогли с продвижением. Иными словами, оказали полный комплекс услуг по адекватным расценкам. С компанией можно работать.					 
				
",1
"

Хороший сервис. С его помощью мы без труда получили качественные и естественные ссылки. В целом цены средние, поэтому лучше заказывать сразу комплексом, итоговая цена за одну ссылку получается ниже.					 
				
",1
"

Буквально за месяц, как и было обещано, специалисты разработали нам интернет-магазин, который сейчас отлично работает и приносит нам хорошую прибыль. Интерфейс достаточно удобный и дизайн, отличный, уникальный, в общем, мы в полной мере довольны!					 
				
",1
"

Не так давно сотрудничаем с сервисом, но надеемся, что и дальше будет радовать таким же высоким качеством, хотим продолжать работать дальше. Отлично, что наконец-то и для нас сделали такую удобную площадку мейдтаск. Выручает, что можно оплачивать работу физлицам. Переводы проходят четко и быстро. Сервис позволяет легально работать с физическими лицами.					 
				
",1
"

Сотрудники компании занимались разработкой и созданием интернет-магазина профессиональной косметики. Работать было с ними приятно, т.к ребята умеют ""слышать"" своих клиентов и обладают достаточно развитой фантазией и опытом. Оформление получилось уникальным и запоминающимся, при этом сайт прост в использовании даже для новичка в интернете. По срокам не подвели.					 
				
",1
"

Ребята из этой компании создали сайт для моего интернет-магазина и настроили рекламу в Яндекс.директ. В итоге спустя 4 месяца мой сайт находится в топ-10 в поисковике, клиентов у меня много, так что спасибо за эффективную помощь.					 
				
",1
"

Стартанул по вывозу мусора в Москве, наливаю с Яндекс Дирека. Все целевые заявки оплачиваются. Менеджер еще посоветовал взять в работу клининг, вот планирую начать в ближайшие дни. Спасибо менеджеру за помощь					 
				
",1
"

Стартанул по вывозу мусора в Москве, наливаю с Яндекс Дирека. Все целевые заявки оплачиваются. Менеджер еще посоветовал взять в работу клининг, вот планирую начать в ближайшие дни. Спасибо менеджеру за помощь					 
				
",1
"

При развитии сайта использовали расхожий принцип - пишите для людей и успех придет к вам. Конечно это основное, но в нынешних реалиях недостаточно. Поэтому активно используем механизм продвижения известный как SEO. Инструменты для поисковой оптимизации неплохо представлены в модулях промопульта. За пол года работы мы смогли поднять позиции сайта на порядок. То есть в выдаче присутствуем на первой странице поисковой системы Яндекса. В Гугле чуть слабее.					 
				
",1
"

Работаю с этой биржей около полугода, сразу отмечу что за это время было немного обновлений, хотелось бы больше так как алгоритмы не стоят на месте, а значит и инструменты должны развиваться, особенно у молодых сервисов.					 
				
",1
"

Мне как человеку плотно сидящему на теме маркетинга, ресурс очень даже полезен. Выключил всю рутину за счет автоматизированных инструментов. Особо удачно получилось в области сбора и обработки ключевых слов. Есть уникальная услуга по парсингу сайтов схожей с нашей тематикой. Всегда полезно знать как у конкурентов получается с продвижением.					 
				
",1
"

Еще в начале года решили запустить наш сайт (занимаемся продажей электроники), для этого как раз и обратились сюда. Заказали у них многостраничный сайт (интернет-магазин) с дальнейшем его продвижением. В итоге сам сайт нам понравилось и они учли все наши замечания (простой и понятный интерфейс). Дальше началось его продвижение. Отмечу, что наш сайт постепенно стал появляться на первых страницах популярных поисковиков. Плюс, увеличился трафик и количество клиентов только возрастало. Сейчас больше тратим денег на его продвижение (контекстная реклама, соцсести и тд.). В общем, мы всем довольны.					 
				
",1
"

Классное приложение. Открывается быстро, телефон не грузит. Если что-то быстро нужно поправить или прочитать – выручает. А самое главное, рекламы нет! Обычно все бесплатные приложения с кучей рекламы. А тут и качество на высоте, и без рекламы.					 
				
",1
"

Все отлично, попробовали поработать с MadeTask, довольны. Обслуживались раньше в другом сервисе, решили перейти в MadeTask – больше преимуществ и удобств. Есть пожелание – побыстрее организовать возможность работы с самозанятыми, для нашей организации это важно.					 
				
",1
"

Постоянно обращаюсь за полезной инфой на этот ресурс. Неплохие статьи по контекстной рекламе, о поисковом продвижении. Настройки, оптимизация, анализ кампаний. Полно мини-гайдов по автоматизации контекста при использовании модулей от промопульта. Не только все это читаю, но и работаю. Уже больше года зарегистрировал и продвигаю свой авторский сайт по изготовлению мягких игрушек. Пока полет нормальный.					 
				
",1
"

Компания всегда идет навстречу клиенту и выслушивают пожелания, качество их обслуживания и работы мне действительно понравились, есть стимул работать над более высоким качеством своей компании вместе с ними					 
				
",1
"

Отличная биржа, можно ВЫВОДИТЬ деньги, сервис крауд ссылок небольшой, но с моего опыта надёжный, качественная ручная модерация, еще и  рабочая поддержка. Которая быстро отвечает.  Единственное из-за того что сервис молодой нахватает функциональности, фильтров, например по регионам чтобы бы более точнее строить стратегию продвижения.					 
				
",1
"

Хороший правильный редактор. В нашей школе МойОфис только поставили, сейчас мы делимся с учениками азбукой МойОфис, они в восторге. Редакторы очень удобные и понятные. А благодаря Азбуке мы узнаём новые функции.					 
				
",1
"

Когда нам потребовалось создание сайта нашей компании, то искали исполнителя для этой задачи именно в интернете. Много отзывов прочитали о компании Site&Siteи решили доверить именно им данную задачу. Стоимость и сроки нас сразу устроили, подписали документы и специалисты компании сразу приступили к выполнению поставленной нами задачи, со всеми нашими пожеланиями. Сроки были соблюдены, никаких проблем не возникло, сайт вышел именно таким, как мы и хотели изначально. Смело можно обращаться, работу свою делать умеют и делают ее хорошо.					 
				
",1
"

После неудачного опыта поисков и попыток заказать сайт вышел на Студию Эсдэ. Результатом, как и процессом, в принципе доволен. Все четко, по делу, сделали быстро и самое главное недорого.					 
				
",1
"

Отличный сервис для аналитики в социальных сетях.Приветливая поддержка, оперативное решение проблем.Низкая стоимость, огромный набор метрик.Конкуренты по соцсети бесплатно!					 
				
",1
"

Периодически закупаем здесь комплектующие, по качеству все нормально, на брак не наталкивались, также хочется отметить отдельно, что несмотря на нынешний рост цен держат адекватную планку, за что им огромное человеческое спасибо					 
				
",1
"

Продвигаю личный сайт своими силами, технически хорош, а вот продвигать сложно, пока не начал закупать ссылки вообще практически никакого движения не было, рад что наткнулся на work2crowd, на сайте много полезной информации, также отзывчивая техподдержка, смело рекомендую их, прям душа радуется когда твоя работа имеет результат.					 
				
",1
"

Работаю в компании Авангард больше года. Отличный коллектив, который принял меня с самого первого рабочего дня. Есть возможность проявить себя во многих проектах, предложить свои варианты решения. Почти на любом проекте хорошую идею можно попробовать реализовать, особенно, если она поможет проекту стать лучше. Плюс компания проводит тренинги для расширения ваших профессиональных возможностей. Однозначно могу порекомендовать данную компанию для работы. Просыпаясь с утра вам захочется идти на работу, поскольку вас там ожидает суперколлектив и интересная работа.					 
				
",1
"

В компанию Авангард я обратился по рекомендации друга, отличная компания, помогут в решении любых задач. Для работы понадобилось решение многих задач в которых ребята предложили свою помощь, я изучил всё подробно, решил, что компании Авангард можно доверять, обычно я долго выбираю компанию к сотрудничеству, изучаю всю информацию, но тут оказывается всё решилось легко и просто. В офисе встретили очень дружелюбно, объяснили всё подробно, рассказали про тарифы, меня всё устроило. Сотрудники компании на связи всегда. Поэтому отдельное большое спасибо за сервис.					 
				
",1
"

Достойная компания, которая стабильно работает и поддерживает своих клиентов в этом нестабильном мире.Обратились в компанию по вопросу модернизации нашей сети и подборе нового сетевого оборудования. Компания порекомендовала российское оборудование eltex. Я скептически относился к отечественному обрудованию, и как получилось - что совершенно зря. Всё работает как швейцарские часы, при этом удалось сэкономить процентов 30% точно по сравнению с зарубежными аналогами. Ребята подобрали нужные модели, настроили и ввели в строй. Обучили наших сотрудников, как пользоваться. Супер! Доволен и всем рекомендую. Вот сайт кому нужно https://sistemno.net/eltex Здесь страница конткретно элтекса, но на сайте есть много других услуг					 
				
",1
"

Однажды решил поменять работу, и стал просматривать в интернете вакансии различных компаний. Увидел вакансию от компании Авангард, почитал требования, которые необходимы для работы в компании понял, что могу реализовать себя именно в этой компании. Отправил резюме, через пару дней меня пригласили на собеседование, рассказали условия сотрудничества, меня всё устроило. Собеседование прошло в комфортной дружественной обстановке. Я видел, что руководство заинтересовано в карьерном росте своих будущих сотрудников. На собеседовании рассказали подробно, какую работу мне нужно выполнять, чему нужно подучиться и самое интересное, что мне предложили различные рабочие ситуации я со своей стороны предложил варианты их решения.  По итогам собеседования, через пару дней позвонили и сообщили что я могу приступить к работе. Работы много, но я адаптировался очень быстро, мне не было очень трудно, потому что я легко обучаюсь всему новому. Коллектив отличный, молодой и нет чувства, что ты новичок и ничего не знаешь. Мне с сотрудниками удалось быстро подружиться и адаптироваться к новой работе.					 
				
",1
"

На днях открыл свою компанию и мне срочно требовалась аренда удалённого сервера, так как сотрудники находятся в разных городах России. Решил поискать компанию в интернете, выбирал долго очень боялся ошибиться в выборе. Чем мне понравилась компания Авангард, у нее на сайте есть отзывы от представителей компаний кому они уже помогли, есть благодарственные письма, решил почитать информацию об аренде сервера, всё прописано подробно доступным языком. Компания вызвала у меня доверие, я решил обратиться. Мой вопрос решили за короткий срок. Большое спасибо за помощь и экономию драгоценного времени.					 
				
",1
"

Крауд ссылки были есть и буду одним из самых эффективных способов поднятия значимости сайта, для этих целей могу смело рекомендовать work2crowd, много положилительных моментов при работе, небольшой процент удаления спустя месяц					 
				
",1
"

Я новичок в сфере линкбилдинга, знакомый посоветовал начать работать именно  с этой биржей и не прогадал, мне было очень легко начать, понятное и простое управление, большое количество заказчиков и работающая поддержка.					 
				
",1
